{"cameraMode":{"drawMode":0,"name":"Shaded","section":"Shading Mode"},"sceneLighting":true,"audioPlay":false,"sceneViewState":{"showFog":true,"showMaterialUpdate":true,"showSkybox":true,"showFlares":true,"showImageEffects":true,"showParticleSystems":true},"in2DMode":false,"pivot":{"x":41.44853591918945,"y":41.38368225097656,"z":-135.4215087890625},"rotation":{"x":0.043395910412073138,"y":0.9358685612678528,"z":-0.12425703555345535,"w":0.32684528827667239},"size":10.0,"orthographic":true}