{"cameraMode":{"drawMode":0,"name":"Shaded","section":"Shading Mode"},"sceneLighting":true,"audioPlay":false,"sceneViewState":{"showFog":true,"showMaterialUpdate":false,"showSkybox":true,"showFlares":true,"showImageEffects":true,"showParticleSystems":true},"in2DMode":false,"pivot":{"x":5.033293724060059,"y":-0.00000667572021484375,"z":-3.539682388305664},"rotation":{"x":-0.049755021929740909,"y":0.9501993060112,"z":-0.2222919464111328,"w":-0.2126816362142563},"size":10.0,"orthographic":false}